{"bounds":{"east":119.00021553039551,"north":33.00009727478027,"south":31.99965476989746,"west":117.9997730255127},"contentType":"quantizedmesh","latLonBounds":{"east":119.00021553039551,"north":33.00009727478027,"south":31.99965476989746,"west":117.9997730255127},"maxzoom":14,"minzoom":0,"proj":4326,"tiletrans":"tms","type":"terrain","ziped":false}